"rating","avg_length","film_length_category"
"PG","112.0051546391752577","Short"
"NC-17","113.2285714285714286","Short"
"PG-13","120.4439461883408072","Long"
"R","118.6615384615384615","Short"
"G","111.0505617977528090","Short"
